Customer Id,Full Name,Company,City,Country,Phone 1,Phone 2,Email,Subscription Date,Website
DD37Cf93aecA6Dc,Sheryl Baxter,Rasmussen Group,East Leonard,Chile,229.077.5154,397.884.0519 доб. 718,zunigavanessa@smith.info,2020-08-24,http://www.stephenson.com/
1Ef7b82A4CAAD10,Preston Lozano,Vega-Gentry,East Jimmychester,Djibouti,5153435776,6866201820 доб. 944,vmata@colon.com,2021-04-23,http://www.hobbs.com/
6F94879bDAfE5a6,Roy Berry,Murillo-Perry,Isabelborough,Antigua and Barbuda,+15394020259,(496)9783969 доб. 58947,beckycarr@hogan.com,2020-03-25,http://www.lawrence.com/
5Cef8BFA16c5e3c,Linda Olsen,"Dominguez, Mcmillan and Donovan",Bensonview,Dominican Republic,0018086176467 доб. 12895,+18133248756,stanleyblackwell@benson.org,2020-06-02,http://www.good-lyons.com/
053d585Ab6b3159,Joanna Bender,"Martin, Lang and Andrade",West Priscilla,Slovakia (Slovak Republic),0012342030635 доб. 76146,0011994463860 доб. 3486,colinalvarado@miles.net,2021-04-17,https://goodwin-ingram.com/
2d08FB17EE273F4,Aimee Downs,Steele Group,Chavezborough,Bosnia and Herzegovina,(283)4373886 доб. 88321,9997281637,louis27@gilbert.com,2020-02-25,http://www.berger.net/
EA4d384DfDbBf77,Darren Peck,"Lester, Woodard and Mitchell",Lake Ana,Pitcairn Islands,(496)4526181 доб. 3291,+12472660963 доб. 4995,tgates@cantrell.com,2021-08-24,https://www.le.com/
0e04AFde9f225dE,Brett Mullen,"Sanford, Davenport and Giles",Kimport,Bulgaria,0015833527197 доб. 297,0013331450369,asnow@colon.com,2021-04-12,https://hammond-ramsey.com/
C2dE4dEEc489ae0,Sheryl Meyers,Browning-Simon,Robersonstad,Cyprus,8541384911 доб. 5772,+14489102276 доб. 729,mariokhan@ryan-pope.org,2020-01-13,https://www.bullock.net/
8C2811a503C7c5a,Michelle Gallagher,Beck-Hendrix,Elaineberg,Timor-Leste,739.218.2516 доб. 459,0010544010347 доб. 617,mdyer@escobar.net,2021-11-08,https://arias.com/
216E205d6eBb815,Carl Schroeder,"Oconnell, Meza and Everett",Shannonville,Guernsey,6378540256 доб. 825,114.336.0784 доб. 788,kirksalas@webb.com,2021-10-20,https://simmons-hurley.com/
CEDec94deE6d69B,Jenna Dodson,"Hoffman, Reed and Mcclain",East Andrea,Vietnam,(041)7373846,+15568883485 доб. 42608,mark42@robbins.com,2020-11-29,http://www.douglas.net/
e35426EbDEceaFF,Tracey Mata,Graham-Francis,South Joannamouth,Togo,0019498448787,(855)7138773,alex56@walls.org,2021-12-02,http://www.beck.com/
A08A8aF8BE9FaD4,Kristine Cox,Carpenter-Cook,Jodyberg,Sri Lanka,7862843358 доб. 62152,+13156271796 доб. 8074,holdenmiranda@clarke.com,2021-02-08,https://www.brandt.com/
6fEaA1b7cab7B6C,Faith Lutz,Carter-Hancock,Burchbury,Singapore,(781)8617180 доб. 8306,2071853665,cassieparrish@blevins-chapman.net,2022-01-26,http://stevenson.org/
8cad0b4CBceaeec,Miranda Beasley,Singleton and Sons,Desireeshire,Oman,540.085.3135 доб. 185,+16004626432 доб. 21881,vduncan@parks-hardy.com,2022-04-12,http://acosta.org/
a5DC21AE3a21eaA,Caroline Foley,Winters-Mendoza,West Adriennestad,Western Sahara,936.222.4746 доб. 9924,0014699486341 доб. 359,holtgwendolyn@watson-davenport.com,2021-03-10,http://www.benson-roth.com/
F8Aa9d6DfcBeeF8,Greg Mata,Valentine LLC,Lake Leslie,Mozambique,(701)0872415,(195)1561861 доб. 26241,jaredjuarez@carroll.org,2022-03-26,http://pitts-cherry.com/
F160f5Db3EfE973,Clifford Jacobson,Simon LLC,Harmonview,South Georgia and the South Sandwich Islands,0011513303524 доб. 0469,(748)4777174,joseph26@jacobson.com,2020-09-24,https://mcconnell.com/
0F60FF3DdCd7aB0,Joanna Kirk,Mays-Mccormick,Jamesshire,French Polynesia,(266)1317001 доб. 711,(283)3125579 доб. 11543,tuckerangie@salazar.net,2021-09-24,https://www.camacho.net/
9F9AdB7B8A6f7F2,Maxwell Frye,Patterson Inc,East Carly,Malta,423.262.3059,2028800688 доб. 7491,fgibson@drake-webb.com,2022-01-12,http://www.roberts.com/
FBd0Ded4F02a742,Kiara Houston,"Manning, Hester and Arroyo",South Alvin,Netherlands,0012740403582 доб. 10611,+15281750973 доб. 4684,blanchardbob@wallace-shannon.com,2020-09-15,https://www.reid-potts.com/
2FB0FAA1d429421,Colleen Howard,Greer and Sons,Brittanyview,Paraguay,1935085151,(947)1157711 доб. 5488,rsingleton@ryan-cherry.com,2020-08-19,http://paul.biz/
010468dAA11382c,Janet Valenzuela,Watts-Donaldson,Veronicamouth,Lao People's Democratic Republic,354.259.5062 доб. 7538,500.433.2022,stefanie71@spence.com,2020-09-08,https://moreno.biz/
eC1927Ca84E033e,Shane Wilcox,Tucker LLC,Bryanville,Albania,(429)0059030 доб. 11004,5411164501,mariah88@santos.com,2021-04-06,https://www.ramos.com/
09D7D7C8Fe09aea,Marcus Moody,Giles Ltd,Kaitlyntown,Panama,6746778623,9092775485 доб. 566,donnamullins@norris-barrett.org,2022-05-24,https://www.curry.com/
aBdfcF2c50b0bfD,Dakota Poole,Simmons Group,Michealshire,Belarus,(371)9878576 доб. 4720,0711521376,stacey67@fields.org,2022-02-20,https://sanford-wilcox.biz/
b92EBfdF8a3f0E6,Frederick Harper,"Hinton, Chaney and Stokes",South Marissatown,Switzerland,+10771211558 доб. 0687,264.742.7149,jacobkhan@bright.biz,2022-05-26,https://callahan.org/
3B5dAAFA41AFa22,Stefanie Fitzpatrick,Santana-Duran,Acevedoville,Saint Vincent and the Grenadines,(752)7763286,+14720214814 доб. 85074,wterrell@clark.com,2020-07-30,https://meyers.com/
EDA69ca7a6e96a2,Kent Bradshaw,Sawyer PLC,North Harold,Tanzania,+14721435037 доб. 884,126.922.6153,qjimenez@boyd.com,2020-04-26,http://maynard-ho.com/
64DCcDFaB9DFd4e,Jack Tate,"Acosta, Petersen and Morrow",West Samuel,Zimbabwe,9651084406 доб. 20714,046.906.1442 доб. 6784,gfigueroa@boone-zavala.com,2021-09-15,http://www.hawkins-ramsey.com/
679c6c83DD872d6,Tom Trujillo,Mcgee Group,Cunninghamborough,Denmark,4163383758,(775)8907209,tapiagreg@beard.info,2022-01-13,http://www.daniels-klein.com/
7Ce381e4Afa4ba9,Gabriel Mejia,Adkins-Salinas,Port Annatown,Liechtenstein,4077245425,646.044.0696 доб. 66800,coleolson@jennings.net,2021-04-24,https://patel-hanson.info/
A09AEc6E3bF70eE,Kaitlyn Santana,Herrera Group,New Kaitlyn,United States of America,6303643286,4477106202 доб. 07313,georgeross@miles.org,2021-09-21,http://pham.com/
aA9BAFfBc3710fe,Faith Moon,"Waters, Chase and Aguilar",West Marthaburgh,Bahamas,+15862170359 доб. 6317,+18181991403,willistonya@randolph-baker.com,2021-11-03,https://spencer-charles.info/
E11dfb2DB8C9f72,Tammie Haley,"Palmer, Barnes and Houston",East Teresa,Belize,0012767344113 доб. 6087,(430)3008770,harrisisaiah@jenkins.com,2022-01-04,http://evans-simon.com/
889eCf90f68c5Da,Nicholas Sosa,Jordan Ltd,South Hunter,Uruguay,(661)4256042,9759981519,fwolfe@dorsey.com,2021-08-10,https://www.fleming-richards.com/
7a1Ee69F4fF4B4D,Jordan Gay,Glover and Sons,South Walter,Solomon Islands,7208417020,8035336772,tiffanydavies@harris-mcfarland.org,2021-02-24,http://www.lee.org/
dca4f1D0A0fc5c9,Bruce Esparza,Huerta-Mclean,Poolefurt,Montenegro,5595294424,0016250007132 доб. 0367,preese@frye-vega.com,2021-10-22,http://www.farley.org/
17aD8e2dB3df03D,Sherry Garza,Anderson Ltd,West John,Poland,0010677136440 доб. 158,(978)2898785 доб. 5766,ann48@miller.com,2021-11-01,http://spence.com/
2f79Cd309624Abb,Natalie Gentry,Monroe PLC,West Darius,Dominican Republic,830.996.8238,499.122.5415,tcummings@fitzpatrick-ashley.com,2020-10-10,http://www.dorsey.biz/
6e5ad5a5e2bB5Ca,Bryan Dunn,Kaufman and Sons,North Jimstad,Burkina Faso,0017108025565,078.699.8982 доб. 13881,woodwardandres@phelps.com,2021-09-08,http://www.butler.com/
7E441b6B228DBcA,Wayne Simpson,Perkins-Trevino,East Rebekahborough,Bolivia,(344)1568632 доб. 1869,4634453702 доб. 38463,barbarapittman@holder.com,2020-12-13,https://gillespie-holder.com/
D3fC11A9C235Dc6,Luis Greer,Cross PLC,North Drew,Bulgaria,0013360256849 доб. 701,684.698.2911 доб. 6092,bstuart@williamson-mcclure.com,2022-05-15,https://fletcher-nielsen.com/
30Dfa48fe5Ede78,Rhonda Frost,"Herrera, Shepherd and Underwood",Lake Lindaburgh,Monaco,(127)0819339,+14310283337 доб. 3492,zkrueger@wolf-chavez.net,2021-12-06,http://www.khan.com/
fD780ED8dbEae7B,Joanne Montes,"Price, Sexton and Mcdaniel",Gwendolynview,Palau,(897)7267952,(467)8869467 доб. 5721,juan80@henson.net,2020-07-01,http://ochoa.com/
300A40d3ce24bBA,Geoffrey Guzman,Short-Wiggins,Zimmermanland,Uzbekistan,975.235.8921 доб. 269,(983)1886873,bauercrystal@gay.com,2020-04-23,https://decker-kline.com/
283DFCD0Dba40aF,Gloria Mccall,"Brennan, Acosta and Ramos",North Kerriton,Ghana,4456036729,0013959594736 доб. 4524,bartlettjenna@zuniga-moss.biz,2022-03-11,http://burgess-frank.com/
F4Fc91fEAEad286,Brady Cohen,Osborne-Erickson,North Eileenville,United Arab Emirates,741.849.0139 доб. 524,+10286917497 доб. 0894,mccalltyrone@durham-rose.biz,2022-03-10,http://hammond-barron.com/
80F33Fd2AcebF05,Latoya Mccann,"Hobbs, Garrett and Sanford",Port Sergiofort,Belarus,(530)2874548 доб. 29481,1622340249 доб. 32790,bobhammond@barry.biz,2021-12-02,https://www.burton.com/
Aa20BDe68eAb0e9,Gerald Hawkins,"Phelps, Forbes and Koch",New Alberttown,Canada,+13232391456 доб. 96168,(092)5080269,uwarner@steele-arias.com,2021-03-19,https://valenzuela.com/
e898eEB1B9FE22b,Samuel Crawford,"May, Goodwin and Martin",South Jasmine,Algeria,8022427457,626.116.9535 доб. 8578,xpittman@ritter-carney.net,2021-03-27,https://guerrero.org/
faCEF517ae7D8eB,Patricia Goodwin,"Christian, Winters and Ellis",Cowanfort,Swaziland,322.549.7139 доб. 70040,(111)7414173,vaughanchristy@lara.biz,2021-03-08,http://clark.info/
c09952De6Cda8aA,Stacie Richard,Byrd Inc,New Deborah,Madagascar,0016229483641 доб. 24810,0017311682893 доб. 8891,clinton85@colon-arias.org,2020-10-15,https://kim.com/
f3BEf3Be028166f,Robin West,"Nixon, Blackwell and Sosa",Wallstown,Ecuador,698.303.4267,0016838377651 доб. 525,greenemiranda@zimmerman.com,2022-01-13,https://www.mora.com/
C6F2Fc6a7948a4e,Ralph Haas,Montes PLC,Lake Ellenchester,Palestinian Territory,2239271999,0019624340867 доб. 649,goodmancesar@figueroa.biz,2020-05-25,http://may.com/
c8FE57cBBdCDcb2,Phyllis Maldonado,Costa PLC,Lake Whitney,Saint Barthelemy,4500370767,0015080646725 доб. 017,yhanson@warner-diaz.org,2021-01-25,http://www.bernard.com/
B5acdFC982124F2,Danny Parrish,Novak LLC,East Jaredbury,United Arab Emirates,(669)3848597 доб. 8794,506.731.5952 доб. 571,howelldarren@house-cohen.com,2021-03-17,http://www.parsons-hudson.com/
8c7DdF10798bCC3,Kathy Hill,"Moore, Mccoy and Glass",Selenabury,South Georgia and the South Sandwich Islands,0011717162175 доб. 310,888.625.0654,ncamacho@boone-simmons.org,2020-11-15,http://hayden.com/
C681dDd0cc422f7,Kelli Hardy,Petty Ltd,Huangfort,Sao Tome and Principe,020.324.2191 доб. 2022,4241578216,kristopher62@oliver.com,2020-12-20,http://www.kidd.com/
a940cE42e035F28,Lynn Pham,"Brennan, Camacho and Tapia",East Pennyshire,Portugal,846.468.6834 доб. 611,0012486910006,mpham@rios-guzman.com,2020-08-21,https://www.murphy.com/
9Cf5E6AFE0aeBfd,Shelley Harris,"Prince, Malone and Pugh",Port Jasminborough,Togo,423.098.0315 доб. 8373,+13864588944 доб. 15194,zachary96@mitchell-bryant.org,2020-12-10,https://www.ryan.com/
aEcbe5365BbC67D,Eddie Jimenez,Caldwell Group,West Kristine,Ethiopia,+12356571073 доб. 6306,(026)4017353 доб. 2417,kristiwhitney@bernard.com,2022-03-24,http://cherry.com/
FCBdfCEAe20A8Dc,Chloe Hutchinson,Simon LLC,South Julia,Netherlands,9815449452,+12885524666 доб. 060,leah85@sutton-terrell.com,2022-05-15,https://mitchell.info/
636cBF0835E10ff,Eileen Lynch,"Knight, Abbott and Hubbard",Helenborough,Liberia,+11589514131 доб. 53578,0016737796713 доб. 680,levigiles@vincent.com,2021-01-02,http://mckay.com/
fF1b6c9E8Fbf1ff,Fernando Lambert,Church-Banks,Lake Nancy,Lithuania,497.829.9038,3863743398,fisherlinda@schaefer.net,2021-04-23,https://www.vang.com/
2A13F74EAa7DA6c,Makayla Cannon,Henderson Inc,Georgeport,New Caledonia,0012158016392 доб. 46009,0276096460,scottcurtis@hurley.biz,2020-01-20,http://www.velazquez.net/
a014Ec1b9FccC1E,Tom Alvarado,Donaldson-Dougherty,South Sophiaberg,Kiribati,(585)6062980 доб. 2258,7307973594 доб. 5614,nicholsonnina@montgomery.info,2020-08-18,http://odom-massey.com/
421a109cABDf5fa,Virginia Dudley,Warren Ltd,Hartbury,French Southern Territories,027.846.3705 доб. 14184,+14391711846 доб. 4636,zvalencia@phelps.com,2021-01-31,http://hunter-esparza.com/
CC68FD1D3Bbbf22,Riley Good,Wade PLC,Erikaville,Canada,6977745822,8554367641,alex06@galloway.com,2020-02-03,http://conway.org/
CBCd2Ac8E3eBDF9,Alexandria Buck,Keller-Coffey,Nicolasfort,Iran,0789004760 доб. 76668,4141128700 доб. 68751,lee48@manning.com,2021-02-20,https://ramsey.org/
Ef859092FbEcC07,Richard Roth,Conway-Mcbride,New Jasmineshire,Morocco,5814406539,9857827463,aharper@maddox-townsend.org,2020-02-23,https://www.brooks.com/
F560f2d3cDFb618,Candice Keller,Huynh and Sons,East Summerstad,Zimbabwe,0019279658550 доб. 92406,0012430384271 доб. 53076,buckleycory@odonnell.net,2020-08-22,https://www.lucero.com/
A3F76Be153Df4a3,Anita Benson,Parrish Ltd,Skinnerport,Russian Federation,874.617.5668 доб. 69878,(399)8206418 доб. 0071,angie04@oconnell.com,2020-02-09,http://oconnor.com/
D01Af0AF7cBbFeA,Regina Stein,Guzman-Brown,Raystad,Solomon Islands,0014698480724 доб. 4407,0010853604426 доб. 00357,zrosario@rojas-hardin.net,2022-01-15,http://www.johnston.info/
d40e89dCade7b2F,Debra Riddle,"Chang, Aguirre and Leblanc",Colinhaven,United States Virgin Islands,+17681826014 доб. 14336,(303)9614491,shieldskerry@robles.com,2020-07-11,http://kaiser.info/
BF6a1f9bd1bf8DE,Brittany Zuniga,Mason-Hester,West Reginald,Kyrgyz Republic,(050)1369025,0014808512496 доб. 0157,mchandler@cochran-huerta.org,2021-07-24,http://www.boyle.com/
FfaeFFbbbf280db,Cassidy Mcmahon,"Mcguire, Huynh and Hopkins",Lake Sherryborough,Myanmar,5040771311,6846820021 доб. 1326,katrinalane@fitzgerald.com,2020-10-21,https://hurst.com/
CbAE1d1e9a8dCb1,Laurie Pennington,"Sanchez, Marsh and Hale",Port Katherineville,Dominica,007.155.3406 доб. 553,+18098625566 доб. 277,cookejill@powell.com,2020-06-08,http://www.hebert.com/
A7F85c1DE4dB87f,Alejandro Blair,"Combs, Waller and Durham",Thomasland,Iceland,(690)0684641 доб. 51468,555.509.8691 доб. 2329,elizabethbarr@ewing.com,2020-09-19,https://mercado-blevins.com/
D6CEAfb3BDbaa1A,Leslie Jennings,Blankenship-Arias,Coreybury,Micronesia,629.198.6346,075.256.0829,corey75@wiggins.com,2021-11-13,https://www.juarez.com/
Ebdb6F6F7c90b69,Kathleen Mckay,"Coffey, Lamb and Johnson",Lake Janiceton,Saint Vincent and the Grenadines,(733)9109968,(691)2474128 доб. 0665,chloelester@higgins-wilkinson.com,2021-09-12,http://www.owens-mooney.com/
E8E7e8Cfe516ef0,Hunter Moreno,Fitzpatrick-Lawrence,East Clinton,Isle of Man,(733)8336754,0017610137121,isaac26@benton-finley.com,2020-12-28,http://walls.info/
78C06E9b6B3DF20,Chad Davidson,Garcia-Jimenez,South Joshuashire,Oman,8275702958,(804)8424715,justinwalters@jimenez.com,2021-11-15,http://www.garner-oliver.com/
03A1E62ADdeb31c,Corey Holt,"Mcdonald, Bird and Ramirez",New Glenda,Fiji,0014392424986 доб. 7918,3162708934,maurice46@morgan.com,2020-02-18,http://www.watson.com/
C6763c99d0bd16D,Emma Cunningham,Stephens Inc,North Jillianview,New Zealand,1280590206 доб. 60217,(312)1644545 доб. 2284,walter83@juarez.org,2022-05-13,http://www.reid.info/
ebe77E5Bf9476CE,Duane Woods,Montoya-Miller,Lyonsberg,Maldives,(636)5447783 доб. 7288,(203)2871003 доб. 5932,kmercer@wagner.com,2020-07-21,http://murray.org/
E4Bbcd8AD81fC5f,Alison Vargas,"Vaughn, Watts and Leach",East Cristinabury,Benin,3652738144,0533087653 доб. 6287,vcantu@norton.com,2020-11-10,http://mason.info/
efeb73245CDf1fF,Vernon Kane,Carter-Strickland,Thomasfurt,Yemen,1148541159 доб. 555,4996084612,hilljesse@barrett.info,2021-04-15,http://www.duffy-hensley.net/
37Ec4B395641c1E,Lori Flowers,Decker-Mcknight,North Joeburgh,Namibia,679.415.1210,9458423659 доб. 4581,tyrone77@valenzuela.info,2021-01-09,http://www.deleon-crosby.com/
5ef6d3eefdD43bE,Nina Chavez,Byrd-Campbell,Cassidychester,Bhutan,0533443205,+13309205422 доб. 571,elliserica@frank.com,2020-03-26,https://www.pugh.com/
98b3aeDcC3B9FF3,Shane Foley,Rocha-Hart,South Dannymouth,Hungary,+18225690302,0016261145844 доб. 55073,nsteele@sparks.com,2021-07-06,https://www.holt-sparks.com/
aAb6AFc7AfD0fF3,Collin Ayers,Lamb-Peterson,South Lonnie,Anguilla,4046455351 доб. 012,0012575828850 доб. 8516,dudleyemily@gonzales.biz,2021-06-29,http://www.ruiz.com/
54B5B5Fe9F1B6C5,Sherry Young,"Lee, Lucero and Johnson",Frankchester,Solomon Islands,1586871764,(438)3756207 доб. 003,alan79@gates-mclaughlin.com,2021-04-04,https://travis.net/
BE91A0bdcA49Bbc,Darrell Douglas,"Newton, Petersen and Mathis",Daisyborough,Mali,0010848459524 доб. 1777,0017695646303,grayjean@lowery-good.com,2022-02-17,https://banks.biz/
cb8E23e48d22Eae,Karl Greer,Carey LLC,East Richard,Guyana,(188)1691674 доб. 58692,0018412933519 доб. 614,hhart@jensen.com,2022-01-30,http://hayes-perez.com/
CeD220bdAaCfaDf,Lynn Atkinson,"Ware, Burns and Oneal",New Bradview,Sri Lanka,+18467062218,605.413.3198,vkemp@ferrell.com,2021-07-10,https://novak-allison.com/
28CDbC0dFe4b1Db,Fred Guerra,Schmitt-Jones,Ortegaland,Solomon Islands,+17530678419 доб. 7170,+16326667507 доб. 92121,swagner@kane.org,2021-09-18,https://www.ross.com/
c23d1D9EE8DEB0A,Yvonne Farmer,Fitzgerald-Harrell,Lake Elijahview,Aruba,(530)3119786,0018694520943 доб. 12424,mccarthystephen@horn-green.biz,2021-08-11,http://watkins.info/
2354a0E336A91A1,Clarence Haynes,"Le, Nash and Cross",Judymouth,Honduras,(753)8136941,783.639.1472,colleen91@faulkner.biz,2020-03-11,http://www.hatfield-saunders.net/
